week,week_end,economy_axis,markets_axis,gap
2021-W24,2021-06-20,-0.2493,-0.9975285230967796,-0.7482285230967797
2021-W25,2021-06-27,-0.2493,0.12776307333148984,0.3770630733314898
2021-W26,2021-07-04,-0.41370000000000007,-0.941043224081304,-0.527343224081304
2021-W27,2021-07-11,-0.41370000000000007,-0.8854348399276021,-0.471734839927602
2021-W28,2021-07-18,-0.41370000000000007,-0.8016414051607533,-0.38794140516075326
2021-W29,2021-07-25,-0.41370000000000007,-0.8822475353477391,-0.4685475353477391
2021-W30,2021-08-01,-0.4316000000000001,-0.9576871706599395,-0.5260871706599394
2021-W31,2021-08-08,-0.4316000000000001,-0.7235643792293909,-0.2919643792293908
2021-W32,2021-08-15,-0.4316000000000001,-0.5117532554815956,-0.08015325548159546
2021-W33,2021-08-22,-0.4316000000000001,-0.5127580833339215,-0.08115808333392138
2021-W34,2021-08-29,-0.4316000000000001,-0.3744557878659572,0.057144212134042915
2021-W35,2021-09-05,-0.4386,-0.20921770284261892,0.22938229715738107
2021-W36,2021-09-12,-0.4386,-0.035258829178774716,0.4033411708212253
2021-W37,2021-09-19,-0.4386,-0.12416706384835104,0.31443293615164897
2021-W38,2021-09-26,-0.4386,-0.045862953658331325,0.39273704634166867
2021-W39,2021-10-03,-0.4434,0.355379729797494,0.798779729797494
2021-W40,2021-10-10,-0.4434,0.8111970379353663,1.2545970379353664
2021-W41,2021-10-17,-0.4434,0.4150392538558614,0.8584392538558614
2021-W42,2021-10-24,-0.4434,0.747546323787403,1.190946323787403
2021-W43,2021-10-31,-0.4434,0.19029637521113232,0.6336963752111323
2021-W44,2021-11-07,-0.2572,-0.09357649156149782,0.16362350843850215
2021-W45,2021-11-14,-0.2572,0.5513461498990864,0.8085461498990864
2021-W46,2021-11-21,-0.2572,0.24466191184365496,0.5018619118436549
2021-W47,2021-11-28,-0.2572,-0.22400494999074852,0.033195050009251464
2021-W48,2021-12-05,-0.2615,-0.8144201712401542,-0.5529201712401541
2021-W49,2021-12-12,-0.2615,0.26140550592776973,0.5229055059277697
2021-W50,2021-12-19,-0.2615,-0.29270526766047583,-0.03120526766047582
2021-W51,2021-12-26,-0.2615,-0.05255443442983912,0.2089455655701609
2021-W52,2022-01-02,-0.26060000000000005,-0.1260128962196621,0.13458710378033795
2022-W01,2022-01-09,-0.26060000000000005,0.0824653601060193,0.34306536010601935
2022-W02,2022-01-16,-0.26060000000000005,0.14054721299044892,0.401147212990449
2022-W03,2022-01-23,-0.26060000000000005,0.11717539758392392,0.377775397583924
2022-W04,2022-01-30,-0.26060000000000005,-0.0725862015060328,0.18801379849396727
2022-W05,2022-02-06,-0.32130000000000003,0.21814335503734755,0.5394433550373476
2022-W06,2022-02-13,-0.32130000000000003,-0.1523365763204242,0.16896342367957584
2022-W07,2022-02-20,-0.32130000000000003,-0.02692971191825129,0.29437028808174875
2022-W08,2022-02-27,-0.32130000000000003,0.2117246000209547,0.5330246000209548
2022-W09,2022-03-06,-0.3663,-0.41091159209914985,-0.04461159209914983
2022-W10,2022-03-13,-0.3663,-0.7997323964472667,-0.43343239644726667
2022-W11,2022-03-20,-0.3663,0.14557736873637753,0.5118773687363776
2022-W12,2022-03-27,-0.3663,0.0016435904140557223,0.3679435904140557
2022-W13,2022-04-03,-0.45149999999999996,-0.05495425145403009,0.39654574854596986
2022-W14,2022-04-10,-0.45149999999999996,0.15215179442890792,0.6036517944289079
2022-W15,2022-04-17,-0.45149999999999996,0.3643124180990583,0.8158124180990582
2022-W16,2022-04-24,-0.45149999999999996,-0.013028856119620768,0.43847114388037917
2022-W17,2022-05-01,-0.3532,0.18184160198109853,0.5350416019810985
2022-W18,2022-05-08,-0.3532,0.08050057262359803,0.43370057262359807
2022-W19,2022-05-15,-0.3532,0.09518971243841243,0.4483897124384124
2022-W20,2022-05-22,-0.3532,-0.006154526062337164,0.34704547393766283
2022-W21,2022-05-29,-0.3532,0.22000958408664423,0.5732095840866442
2022-W22,2022-06-05,-0.1777,0.624679439968441,0.802379439968441
2022-W23,2022-06-12,-0.1777,0.8312981800204264,1.0089981800204264
2022-W24,2022-06-19,-0.1777,0.8289851949935408,1.006685194993541
2022-W25,2022-06-26,-0.1777,0.7270166190860446,0.9047166190860446
2022-W26,2022-07-03,-0.38399999999999995,0.35005850155507795,0.7340585015550779
2022-W27,2022-07-10,-0.38399999999999995,0.3300809172892347,0.7140809172892346
2022-W28,2022-07-17,-0.38399999999999995,0.16811538405710263,0.5521153840571026
2022-W29,2022-07-24,-0.38399999999999995,0.20301068185099294,0.5870106818509929
2022-W30,2022-07-31,-0.38399999999999995,0.39328037489643247,0.7772803748964324
2022-W31,2022-08-07,-0.33219999999999994,0.5446361624046081,0.876836162404608
2022-W32,2022-08-14,-0.33219999999999994,0.4979739015682306,0.8301739015682306
2022-W33,2022-08-21,-0.33219999999999994,0.2269818874625853,0.5591818874625852
2022-W34,2022-08-28,-0.33219999999999994,0.03726515739835434,0.3694651573983543
2022-W35,2022-09-04,-0.28279999999999994,0.22422626613534963,0.5070262661353495
2022-W36,2022-09-11,-0.28279999999999994,0.6094769474412847,0.8922769474412846
2022-W37,2022-09-18,-0.28279999999999994,-0.05417390976878136,0.22862609023121858
2022-W38,2022-09-25,-0.28279999999999994,-0.20010862257841106,0.08269137742158889
2022-W39,2022-10-02,-0.45070000000000005,0.48964771168301346,0.9403477116830135
2022-W40,2022-10-09,-0.45070000000000005,0.5099083639207301,0.9606083639207301
2022-W41,2022-10-16,-0.45070000000000005,0.4206968876111116,0.8713968876111117
2022-W42,2022-10-23,-0.45070000000000005,0.030817799636000582,0.4815177996360006
2022-W43,2022-10-30,-0.45070000000000005,-0.4152557273853236,0.03544427261467642
2022-W44,2022-11-06,-0.44430000000000003,0.3394958214562858,0.7837958214562859
2022-W45,2022-11-13,-0.44430000000000003,-0.11633381608430308,0.32796618391569693
2022-W46,2022-11-20,-0.44430000000000003,0.024362775086894547,0.4686627750868946
2022-W47,2022-11-27,-0.44430000000000003,-0.4455961198680575,-0.0012961198680574992
2022-W48,2022-12-04,-0.46499999999999997,0.2380017883498564,0.7030017883498564
2022-W49,2022-12-11,-0.46499999999999997,0.2741058482423414,0.7391058482423414
2022-W50,2022-12-18,-0.46499999999999997,0.07380050164869265,0.5388005016486926
2022-W51,2022-12-25,-0.46499999999999997,0.08481275511715007,0.54981275511715
2022-W52,2023-01-01,-0.2878,0.19012947353921406,0.47792947353921406
2023-W01,2023-01-08,-0.2878,0.3249009829501036,0.6127009829501036
2023-W02,2023-01-15,-0.2878,0.24428496839831804,0.532084968398318
2023-W03,2023-01-22,-0.2878,0.030914553427656203,0.3187145534276562
2023-W04,2023-01-29,-0.2878,0.048138753843748515,0.3359387538437485
2023-W05,2023-02-05,-0.15190000000000003,-0.008529680778920521,0.1433703192210795
2023-W06,2023-02-12,-0.15190000000000003,0.03857372002786531,0.19047372002786533
2023-W07,2023-02-19,-0.15190000000000003,0.20215256902989992,0.35405256902989996
2023-W08,2023-02-26,-0.15190000000000003,0.4535427491481382,0.6054427491481382
2023-W09,2023-03-05,-0.07450000000000004,0.6950538455674243,0.7695538455674243
2023-W10,2023-03-12,-0.07450000000000004,-0.5047779398879083,-0.4302779398879083
2023-W11,2023-03-19,-0.07450000000000004,-0.5555510684818568,-0.48105106848185675
2023-W12,2023-03-26,-0.07450000000000004,-0.6810558016719801,-0.6065558016719801
2023-W13,2023-04-02,-0.2339,-0.15769774524737667,0.07620225475262332
2023-W14,2023-04-09,-0.2339,-0.4843742100758777,-0.2504742100758777
2023-W15,2023-04-16,-0.2339,-0.6184406107672711,-0.3845406107672711
2023-W16,2023-04-23,-0.2339,-0.6046923502262663,-0.37079235022626633
2023-W17,2023-04-30,-0.2339,-0.609128643218862,-0.37522864321886196
2023-W18,2023-05-07,-0.3475,-0.6014910543249646,-0.25399105432496466
2023-W19,2023-05-14,-0.3475,-0.6029787854904017,-0.25547878549040176
2023-W20,2023-05-21,-0.3475,-0.48682664244474955,-0.13932664244474957
2023-W21,2023-05-28,-0.3475,-0.697724141932786,-0.350224141932786
2023-W22,2023-06-04,-0.46649999999999997,-0.6183237375884202,-0.15182373758842022
2023-W23,2023-06-11,-0.46649999999999997,-0.6884406622513313,-0.2219406622513313
2023-W24,2023-06-18,-0.46649999999999997,-0.523204302734696,-0.05670430273469601
2023-W25,2023-06-25,-0.46649999999999997,-0.5336451727675033,-0.06714517276750337
2023-W26,2023-07-02,-0.5741999999999999,-0.4530766802201815,0.12112331977981844
2023-W27,2023-07-09,-0.5741999999999999,0.09125182516848591,0.6654518251684859
2023-W28,2023-07-16,-0.5741999999999999,0.2904095778138683,0.8646095778138683
2023-W29,2023-07-23,-0.5741999999999999,0.03763417131438865,0.6118341713143886
2023-W30,2023-07-30,-0.5741999999999999,0.6424722840644975,1.2166722840644975
2023-W31,2023-08-06,-0.47390000000000004,0.8409831696956243,1.3148831696956242
2023-W32,2023-08-13,-0.47390000000000004,0.7326284217699724,1.2065284217699725
2023-W33,2023-08-20,-0.47390000000000004,0.521233077208768,0.9951330772087681
2023-W34,2023-08-27,-0.47390000000000004,0.27588723738021126,0.7497872373802112
2023-W35,2023-09-03,-0.41509999999999997,0.7006691743384875,1.1157691743384874
2023-W36,2023-09-10,-0.41509999999999997,0.1043045726115064,0.5194045726115064
2023-W37,2023-09-17,-0.41509999999999997,0.004502950064296507,0.4196029500642965
2023-W38,2023-09-24,-0.41509999999999997,0.36556880643783346,0.7806688064378334
2023-W39,2023-10-01,-0.49949999999999994,0.7563442630362742,1.2558442630362743
2023-W40,2023-10-08,-0.49949999999999994,0.8012999607733836,1.3007999607733836
2023-W41,2023-10-15,-0.49949999999999994,0.130971611635911,0.6304716116359109
2023-W42,2023-10-22,-0.49949999999999994,0.01404912447505034,0.5135491244750503
2023-W43,2023-10-29,-0.49949999999999994,0.3003359136512955,0.7998359136512955
2023-W44,2023-11-05,-0.47440000000000004,-0.1028727409316754,0.3715272590683246
2023-W45,2023-11-12,-0.47440000000000004,-0.27877971391854905,0.195620286081451
2023-W46,2023-11-19,-0.47440000000000004,-0.48588527948243915,-0.011485279482439104
2023-W47,2023-11-26,-0.47440000000000004,-0.28049368628834725,0.1939063137116528
2023-W48,2023-12-03,-0.5354000000000001,-0.54883681020851,-0.013436810208509953
2023-W49,2023-12-10,-0.5354000000000001,-0.39153471702991394,0.14386528297008616
2023-W50,2023-12-17,-0.5354000000000001,-0.838846782211006,-0.30344678221100585
2023-W51,2023-12-24,-0.5354000000000001,-0.5039764177862515,0.031423582213748635
2023-W52,2023-12-31,-0.5775,-0.5033555790346532,0.07414442096534679
2024-W01,2024-01-07,-0.5416000000000001,-0.4608966703554885,0.0807033296445116
2024-W02,2024-01-14,-0.5416000000000001,-0.50061608250431,0.04098391749569008
2024-W03,2024-01-21,-0.5416000000000001,0.667444694270771,1.209044694270771
2024-W04,2024-01-28,-0.5416000000000001,0.22060759749825307,0.7622075974982532
2024-W05,2024-02-04,-0.5939999999999999,-0.38384709031991904,0.21015290968008082
2024-W06,2024-02-11,-0.5939999999999999,0.37132867668726466,0.9653286766872645
2024-W07,2024-02-18,-0.5939999999999999,0.47814117454270855,1.0721411745427085
2024-W08,2024-02-25,-0.5939999999999999,0.20037865555292145,0.7943786555529213
2024-W09,2024-03-03,-0.4575000000000001,0.5799848940500172,1.0374848940500172
2024-W10,2024-03-10,-0.4575000000000001,0.1410523321463305,0.5985523321463306
2024-W11,2024-03-17,-0.4575000000000001,0.611558930176328,1.069058930176328
2024-W12,2024-03-24,-0.4575000000000001,0.5458796996343533,1.0033796996343534
2024-W13,2024-03-31,-0.46349999999999997,0.2914303000722751,0.7549303000722751
2024-W14,2024-04-07,-0.5658000000000001,0.6742241627951496,1.2400241627951498
2024-W15,2024-04-14,-0.5658000000000001,0.5030039893529243,1.0688039893529244
2024-W16,2024-04-21,-0.5658000000000001,0.7019423213581069,1.267742321358107
2024-W17,2024-04-28,-0.5658000000000001,0.7877274812866136,1.3535274812866138
2024-W18,2024-05-05,-0.5433000000000001,0.6826407641574916,1.2259407641574918
2024-W19,2024-05-12,-0.5433000000000001,0.13872710640375732,0.6820271064037574
2024-W20,2024-05-19,-0.5433000000000001,0.1783307981083579,0.7216307981083581
2024-W21,2024-05-26,-0.5433000000000001,-0.17690006969669372,0.3663999303033064
2024-W22,2024-06-02,-0.5508,0.12836711827287034,0.6791671182728702
2024-W23,2024-06-09,-0.5508,-0.18659432586165872,0.36420567413834126
2024-W24,2024-06-16,-0.5508,-0.579510254717888,-0.028710254717888017
2024-W25,2024-06-23,-0.5508,-0.7314955710804366,-0.18069557108043666
2024-W26,2024-06-30,-0.5496,-0.8132728183729483,-0.2636728183729483
2024-W27,2024-07-07,-0.641,-0.8229847298346366,-0.18198472983463654
2024-W28,2024-07-14,-0.641,-0.7676833411503607,-0.12668334115036073
2024-W29,2024-07-21,-0.641,-0.435772885056809,0.205227114943191
2024-W30,2024-07-28,-0.641,-0.3068756303053232,0.3341243696946768
2024-W31,2024-08-04,-0.5880000000000001,-0.8545026417368796,-0.26650264173687954
2024-W32,2024-08-11,-0.5880000000000001,-0.5880689994291121,-6.89994291119822e-05
2024-W33,2024-08-18,-0.5880000000000001,-0.7199615740248922,-0.13196157402489217
2024-W34,2024-08-25,-0.5880000000000001,-0.8263223463040186,-0.2383223463040185
2024-W35,2024-09-01,-0.5441,-0.5682439351070068,-0.024143935107006742
2024-W36,2024-09-08,-0.5441,-0.6179259986845601,-0.07382599868456008
2024-W37,2024-09-15,-0.5441,-0.8553659169352377,-0.31126591693523764
2024-W38,2024-09-22,-0.5441,-0.16977797332324887,0.3743220266767512
2024-W39,2024-09-29,-0.5441,0.9994492677682272,1.5435492677682272
2024-W40,2024-10-06,-0.5845,0.9912568788786086,1.5757568788786087
2024-W41,2024-10-13,-0.5845,0.7088320095537044,1.2933320095537044
2024-W42,2024-10-20,-0.5845,0.5489344707373411,1.1334344707373412
2024-W43,2024-10-27,-0.5845,0.7203182250128437,1.3048182250128437
2024-W44,2024-11-03,-0.5283,0.7298199638656453,1.2581199638656453
2024-W45,2024-11-10,-0.5283,0.7360971543546952,1.2643971543546952
2024-W46,2024-11-17,-0.5283,0.820243625750742,1.348543625750742
2024-W47,2024-11-24,-0.5283,0.6659639821211333,1.1942639821211332
2024-W48,2024-12-01,-0.47700000000000004,0.5802992695176914,1.0572992695176915
2024-W49,2024-12-08,-0.47700000000000004,0.34876205201239463,0.8257620520123947
2024-W50,2024-12-15,-0.47700000000000004,0.4144967312533687,0.8914967312533688
2024-W51,2024-12-22,-0.47700000000000004,0.42054508733339696,0.897545087333397
2024-W52,2024-12-29,-0.47700000000000004,0.2845625315281132,0.7615625315281133
2025-W01,2025-01-05,-0.47000000000000003,-0.3027768099717755,0.16722319002822456
2025-W02,2025-01-12,-0.47000000000000003,-0.08076883037775802,0.389231169622242
2025-W03,2025-01-19,-0.47000000000000003,0.35917207765977277,0.8291720776597729
2025-W04,2025-01-26,-0.47000000000000003,0.4356787496152532,0.9056787496152532
2025-W05,2025-02-02,-0.446,0.19209080052114502,0.638090800521145
2025-W06,2025-02-09,-0.446,0.30311523111326927,0.7491152311132693
2025-W07,2025-02-16,-0.446,0.6607956054022336,1.1067956054022337
2025-W08,2025-02-23,-0.446,0.3606501813550087,0.8066501813550087
2025-W09,2025-03-02,-0.4126,-0.29377488086381226,0.11882511913618776
2025-W10,2025-03-09,-0.4126,0.17390891995732896,0.586508919957329
2025-W11,2025-03-16,-0.4126,-0.23487646938487983,0.1777235306151202
2025-W12,2025-03-23,-0.4126,-0.5742270095126549,-0.1616270095126549
2025-W13,2025-03-30,-0.4126,-0.5050548169777435,-0.09245481697774344
2025-W14,2025-04-06,-0.5791999999999999,-0.9177477034424194,-0.33854770344241947
2025-W15,2025-04-13,-0.5791999999999999,-0.6257548081712846,-0.046554808171284656
2025-W16,2025-04-20,-0.5791999999999999,-0.562162721319229,0.017037278680770984
2025-W17,2025-04-27,-0.5791999999999999,-0.4919290495386125,0.08727095046138744
2025-W18,2025-05-04,-0.5133,-0.23873224703360044,0.27456775296639957
2025-W19,2025-05-11,-0.5133,-0.2675883546967299,0.24571164530327005
2025-W20,2025-05-18,-0.5133,-0.011465910029488963,0.501834089970511
2025-W21,2025-05-25,-0.5133,-0.14167671361957854,0.3716232863804214
2025-W22,2025-06-01,-0.4803,-0.2856214727702246,0.1946785272297754
2025-W23,2025-06-08,-0.4803,-0.22927896891095553,0.2510210310890445
2025-W24,2025-06-15,-0.4803,-0.4860921060693685,-0.0057921060693684745
2025-W25,2025-06-22,-0.4803,-0.44486150066092534,0.03543849933907467
2025-W26,2025-06-29,-0.4803,-0.5630200554603366,-0.08272005546033662
2025-W27,2025-07-06,-0.5781999999999999,-0.7805473566422727,-0.20234735664227277
2025-W28,2025-07-13,-0.5781999999999999,-0.2479077800338589,0.330292219966141
2025-W29,2025-07-20,-0.5781999999999999,0.34690587559407154,0.9251058755940715
2025-W30,2025-07-27,-0.5781999999999999,-0.09792974276882785,0.4802702572311721
2025-W31,2025-08-03,-0.5236,-0.7687693842594101,-0.24516938425941015
2025-W32,2025-08-10,-0.5236,-0.5021887823264278,0.021411217673572125
2025-W33,2025-08-17,-0.5236,0.018574980715205525,0.5421749807152054
2025-W34,2025-08-24,-0.5236,0.8285587337294784,1.3521587337294783
2025-W35,2025-08-31,-0.5236,0.9572637313747608,1.4808637313747608
2025-W36,2025-09-07,-0.49790000000000006,0.41930465615466234,0.9172046561546624
2025-W37,2025-09-14,-0.49790000000000006,-0.03142212007535981,0.46647787992464024
2025-W38,2025-09-21,-0.49790000000000006,0.22100740512452177,0.7189074051245219
2025-W39,2025-09-28,-0.49790000000000006,0.12498274607329417,0.6228827460732942
2025-W40,2025-10-05,-0.6164,-0.20491573412184194,0.411484265878158
2025-W41,2025-10-12,-0.6164,-0.8440394930439606,-0.2276394930439607
2025-W42,2025-10-19,-0.6164,-0.7108855065846518,-0.09448550658465182
2025-W43,2025-10-26,-0.6164,-0.4715875216536745,0.14481247834632544
2025-W44,2025-11-02,-0.5626,-0.17196300780185433,0.3906369921981456
2025-W45,2025-11-09,-0.5626,-0.12271702072887526,0.43988297927112474
2025-W46,2025-11-16,-0.5626,-0.501617763926364,0.060982236073635954
2025-W47,2025-11-23,-0.5626,-0.568214942587772,-0.005614942587772065
2025-W48,2025-11-30,-0.5626,-0.3638370547696053,0.19876294523039467
2025-W49,2025-12-07,-0.49610000000000004,0.15784151953387518,0.6539415195338752
2025-W50,2025-12-14,-0.49610000000000004,0.4226363029651533,0.9187363029651534
2025-W51,2025-12-21,-0.49610000000000004,0.18244820027943345,0.6785482002794335
2025-W52,2025-12-28,-0.49610000000000004,0.10172520872894107,0.5978252087289411
2026-W01,2026-01-04,-0.5403,0.11157197251421874,0.6518719725142188
2026-W02,2026-01-11,-0.5403,-0.08251115563046083,0.45778884436953915
2026-W03,2026-01-18,-0.5403,-0.18011778562259992,0.36018221437740006
2026-W04,2026-01-25,-0.5403,-0.24595365220078924,0.29434634779921076
2026-W05,2026-02-01,-0.5384,-0.1550589553648006,0.38334104463519936
2026-W06,2026-02-08,-0.5384,-0.5945895268164119,-0.05618952681641187
2026-W07,2026-02-15,-0.5384,-0.9048122148241143,-0.36641221482411435
2026-W08,2026-02-22,-0.5384,-0.8038461957857672,-0.2654461957857672
2026-W09,2026-03-01,-0.4325,-0.7522072296321851,-0.3197072296321851
2026-W10,2026-03-08,-0.4325,-0.47040453344439875,-0.03790453344439876
2026-W11,2026-03-15,-0.4325,0.2309668040354616,0.6634668040354617
2026-W12,2026-03-22,-0.4325,-0.022823982138978585,0.4096760178610214
2026-W13,2026-03-29,-0.4325,-0.05619385473063075,0.37630614526936923
2026-W14,2026-04-05,-0.44380000000000003,-0.24537114617056802,0.198428853829432
2026-W15,2026-04-12,-0.44380000000000003,-0.07994281727206648,0.36385718272793355
2026-W16,2026-04-19,-0.44380000000000003,-0.05596969248608601,0.387830307513914
2026-W17,2026-04-26,-0.44380000000000003,-0.05045915717552134,0.3933408428244787
2026-W18,2026-05-03,-0.47080000000000005,0.19804420100431244,0.6688442010043125
2026-W19,2026-05-10,-0.47080000000000005,-0.20169403084647883,0.26910596915352125
2026-W20,2026-05-17,-0.47080000000000005,0.16247392903135188,0.6332739290313519
2026-W21,2026-05-24,-0.47080000000000005,-0.09006126567176201,0.380738734328238
2026-W22,2026-05-31,-0.47080000000000005,-0.144182695432183,0.326617304567817
2026-W23,2026-06-07,-0.47080000000000005,-0.22114106409038295,0.2496589359096171
